city,time,temperature,precipitation
Mumbai,2026-10-03 00:00:00,28.6,0.0
Mumbai,2026-10-03 01:00:00,28.3,0.0
Mumbai,2026-10-03 02:00:00,28.2,0.0
Mumbai,2026-10-03 03:00:00,27.4,0.0
Mumbai,2026-10-03 04:00:00,26.7,0.0
Mumbai,2026-10-03 05:00:00,27.0,0.0
Mumbai,2026-10-03 06:00:00,26.4,0.0
Mumbai,2026-10-03 07:00:00,27.1,0.0
Mumbai,2026-10-03 08:00:00,29.0,0.0
Mumbai,2026-10-03 09:00:00,31.4,0.0
Mumbai,2026-10-03 10:00:00,34.0,0.0
Mumbai,2026-10-03 11:00:00,35.5,0.0
Mumbai,2026-10-03 12:00:00,36.4,0.0
Mumbai,2026-10-03 13:00:00,36.6,0.0
Mumbai,2026-10-03 14:00:00,36.3,0.0
Mumbai,2026-10-03 15:00:00,35.0,0.0
Mumbai,2026-10-03 16:00:00,33.9,0.0
Mumbai,2026-10-03 17:00:00,32.9,0.0
Mumbai,2026-10-03 18:00:00,32.2,0.0
Mumbai,2026-10-03 19:00:00,31.6,0.0
Mumbai,2026-10-03 20:00:00,30.7,0.0
Mumbai,2026-10-03 21:00:00,30.0,0.0
Mumbai,2026-10-03 22:00:00,28.8,0.0
Mumbai,2026-10-03 23:00:00,28.1,0.0
Mumbai,2026-10-04 00:00:00,27.3,0.0
Mumbai,2026-10-04 01:00:00,26.8,0.0
Mumbai,2026-10-04 02:00:00,26.5,0.0
Mumbai,2026-10-04 03:00:00,26.1,0.0
Mumbai,2026-10-04 04:00:00,25.5,0.0
Mumbai,2026-10-04 05:00:00,24.9,0.0
Mumbai,2026-10-04 06:00:00,24.5,0.0
Mumbai,2026-10-04 07:00:00,25.9,0.0
Mumbai,2026-10-04 08:00:00,28.7,0.0
Mumbai,2026-10-04 09:00:00,31.7,0.0
Mumbai,2026-10-04 10:00:00,33.4,0.0
Mumbai,2026-10-04 11:00:00,34.8,0.0
Mumbai,2026-10-04 12:00:00,35.5,0.0
Mumbai,2026-10-04 13:00:00,35.6,0.0
Mumbai,2026-10-04 14:00:00,35.1,0.0
Mumbai,2026-10-04 15:00:00,34.3,0.0
Mumbai,2026-10-04 16:00:00,33.3,0.0
Mumbai,2026-10-04 17:00:00,31.8,0.0
Mumbai,2026-10-04 18:00:00,30.3,0.0
Mumbai,2026-10-04 19:00:00,29.7,0.0
Mumbai,2026-10-04 20:00:00,29.3,0.0
Mumbai,2026-10-04 21:00:00,28.8,0.0
Mumbai,2026-10-04 22:00:00,28.2,0.0
Mumbai,2026-10-04 23:00:00,27.9,0.0
Mumbai,2026-10-05 00:00:00,27.5,0.0
Mumbai,2026-10-05 01:00:00,26.9,0.0
Mumbai,2026-10-05 02:00:00,26.3,0.0
Mumbai,2026-10-05 03:00:00,25.8,0.0
Mumbai,2026-10-05 04:00:00,25.7,0.0
Mumbai,2026-10-05 05:00:00,25.5,0.0
Mumbai,2026-10-05 06:00:00,25.2,0.0
Mumbai,2026-10-05 07:00:00,26.0,0.0
Mumbai,2026-10-05 08:00:00,28.6,0.0
Mumbai,2026-10-05 09:00:00,30.8,0.0
Mumbai,2026-10-05 10:00:00,32.5,0.0
Mumbai,2026-10-05 11:00:00,33.3,0.0
Mumbai,2026-10-05 12:00:00,33.6,0.0
Mumbai,2026-10-05 13:00:00,33.2,0.0
Mumbai,2026-10-05 14:00:00,32.7,0.0
Mumbai,2026-10-05 15:00:00,32.4,0.0
Mumbai,2026-10-05 16:00:00,31.7,0.0
Mumbai,2026-10-05 17:00:00,30.6,0.0
Mumbai,2026-10-05 18:00:00,29.5,0.0
Mumbai,2026-10-05 19:00:00,29.0,0.0
Mumbai,2026-10-05 20:00:00,28.6,0.0
Mumbai,2026-10-05 21:00:00,28.1,0.0
Mumbai,2026-10-05 22:00:00,27.7,0.0
Mumbai,2026-10-05 23:00:00,27.4,0.0
Mumbai,2026-10-06 00:00:00,27.0,0.0
Mumbai,2026-10-06 01:00:00,26.5,0.0
Mumbai,2026-10-06 02:00:00,25.8,0.0
Mumbai,2026-10-06 03:00:00,25.2,0.0
Mumbai,2026-10-06 04:00:00,25.0,0.0
Mumbai,2026-10-06 05:00:00,24.9,0.0
Mumbai,2026-10-06 06:00:00,24.9,0.0
Mumbai,2026-10-06 07:00:00,25.9,0.0
Mumbai,2026-10-06 08:00:00,27.8,0.0
Mumbai,2026-10-06 09:00:00,29.5,0.0
Mumbai,2026-10-06 10:00:00,31.0,0.0
Mumbai,2026-10-06 11:00:00,32.0,0.0
Mumbai,2026-10-06 12:00:00,32.3,0.0
Mumbai,2026-10-06 13:00:00,32.0,0.3
Mumbai,2026-10-06 14:00:00,31.4,0.1
Mumbai,2026-10-06 15:00:00,30.9,0.0
Mumbai,2026-10-06 16:00:00,30.4,0.0
Mumbai,2026-10-06 17:00:00,29.8,0.0
Mumbai,2026-10-06 18:00:00,28.9,0.0
Mumbai,2026-10-06 19:00:00,28.5,0.0
Mumbai,2026-10-06 20:00:00,28.2,0.0
Mumbai,2026-10-06 21:00:00,27.7,0.0
Mumbai,2026-10-06 22:00:00,27.3,0.0
Mumbai,2026-10-06 23:00:00,27.0,0.0
Mumbai,2026-10-07 00:00:00,26.7,0.0
Mumbai,2026-10-07 01:00:00,26.5,0.0
Mumbai,2026-10-07 02:00:00,26.4,0.0
Mumbai,2026-10-07 03:00:00,26.1,0.0
Mumbai,2026-10-07 04:00:00,25.8,0.0
Mumbai,2026-10-07 05:00:00,25.8,0.0
Mumbai,2026-10-07 06:00:00,26.2,0.0
Mumbai,2026-10-07 07:00:00,26.9,0.0
Mumbai,2026-10-07 08:00:00,28.0,0.0
Mumbai,2026-10-07 09:00:00,30.1,0.0
Mumbai,2026-10-07 10:00:00,32.7,0.0
Mumbai,2026-10-07 11:00:00,34.5,0.0
Mumbai,2026-10-07 12:00:00,35.2,0.1
Mumbai,2026-10-07 13:00:00,35.2,0.1
Mumbai,2026-10-07 14:00:00,34.8,0.1
Mumbai,2026-10-07 15:00:00,34.0,0.1
Mumbai,2026-10-07 16:00:00,32.8,0.1
Mumbai,2026-10-07 17:00:00,31.8,0.1
Mumbai,2026-10-07 18:00:00,31.0,0.0
Mumbai,2026-10-07 19:00:00,30.4,0.0
Mumbai,2026-10-07 20:00:00,29.9,0.0
Mumbai,2026-10-07 21:00:00,29.6,0.0
Mumbai,2026-10-07 22:00:00,29.4,0.0
Mumbai,2026-10-07 23:00:00,29.2,0.0
Mumbai,2026-10-08 00:00:00,28.8,0.0
Mumbai,2026-10-08 01:00:00,28.3,0.0
Mumbai,2026-10-08 02:00:00,27.9,0.0
Mumbai,2026-10-08 03:00:00,27.3,0.0
Mumbai,2026-10-08 04:00:00,26.7,0.0
Mumbai,2026-10-08 05:00:00,26.6,0.0
Mumbai,2026-10-08 06:00:00,26.9,0.0
Mumbai,2026-10-08 07:00:00,27.7,0.0
Mumbai,2026-10-08 08:00:00,28.9,0.0
Mumbai,2026-10-08 09:00:00,31.2,0.0
Mumbai,2026-10-08 10:00:00,34.0,0.0
Mumbai,2026-10-08 11:00:00,36.0,0.0
Mumbai,2026-10-08 12:00:00,36.4,0.0
Mumbai,2026-10-08 13:00:00,35.9,0.0
Mumbai,2026-10-08 14:00:00,35.2,0.0
Mumbai,2026-10-08 15:00:00,34.6,0.0
Mumbai,2026-10-08 16:00:00,33.7,0.0
Mumbai,2026-10-08 17:00:00,32.9,0.0
Mumbai,2026-10-08 18:00:00,32.1,0.0
Mumbai,2026-10-08 19:00:00,31.3,0.0
Mumbai,2026-10-08 20:00:00,30.7,0.0
Mumbai,2026-10-08 21:00:00,30.3,0.0
Mumbai,2026-10-08 22:00:00,30.1,0.0
Mumbai,2026-10-08 23:00:00,29.8,0.0
Mumbai,2026-10-09 00:00:00,29.4,0.0
Mumbai,2026-10-09 01:00:00,29.0,0.0
Mumbai,2026-10-09 02:00:00,28.6,0.0
Mumbai,2026-10-09 03:00:00,27.2,0.0
Mumbai,2026-10-09 04:00:00,27.0,0.0
Mumbai,2026-10-09 05:00:00,27.2,0.0
Mumbai,2026-10-09 06:00:00,28.1,0.0
Mumbai,2026-10-09 07:00:00,29.7,0.0
Mumbai,2026-10-09 08:00:00,31.5,0.0
Mumbai,2026-10-09 09:00:00,33.4,0.0
Mumbai,2026-10-09 10:00:00,34.9,0.0
Mumbai,2026-10-09 11:00:00,35.8,0.0
Mumbai,2026-10-09 12:00:00,35.9,0.1
Mumbai,2026-10-09 13:00:00,35.4,0.1
Mumbai,2026-10-09 14:00:00,34.7,0.1
Mumbai,2026-10-09 15:00:00,33.7,0.1
Mumbai,2026-10-09 16:00:00,32.8,0.1
Mumbai,2026-10-09 17:00:00,32.1,0.1
Mumbai,2026-10-09 18:00:00,31.6,0.0
Mumbai,2026-10-09 19:00:00,31.0,0.0
Mumbai,2026-10-09 20:00:00,30.5,0.0
Mumbai,2026-10-09 21:00:00,30.0,0.0
Mumbai,2026-10-09 22:00:00,29.6,0.0
Mumbai,2026-10-09 23:00:00,29.1,0.0
Pune,2026-10-03 00:00:00,24.9,0.0
Pune,2026-10-03 01:00:00,24.5,0.0
Pune,2026-10-03 02:00:00,24.6,0.0
Pune,2026-10-03 03:00:00,24.2,0.0
Pune,2026-10-03 04:00:00,24.1,0.0
Pune,2026-10-03 05:00:00,23.1,0.0
Pune,2026-10-03 06:00:00,22.1,0.0
Pune,2026-10-03 07:00:00,23.6,0.0
Pune,2026-10-03 08:00:00,25.8,0.0
Pune,2026-10-03 09:00:00,28.0,0.0
Pune,2026-10-03 10:00:00,30.0,0.0
Pune,2026-10-03 11:00:00,30.8,0.0
Pune,2026-10-03 12:00:00,31.4,0.0
Pune,2026-10-03 13:00:00,32.3,0.0
Pune,2026-10-03 14:00:00,32.5,0.0
Pune,2026-10-03 15:00:00,31.9,0.0
Pune,2026-10-03 16:00:00,31.5,0.0
Pune,2026-10-03 17:00:00,30.7,0.0
Pune,2026-10-03 18:00:00,28.7,0.0
Pune,2026-10-03 19:00:00,27.2,0.0
Pune,2026-10-03 20:00:00,26.3,0.0
Pune,2026-10-03 21:00:00,25.6,0.0
Pune,2026-10-03 22:00:00,25.1,0.0
Pune,2026-10-03 23:00:00,24.5,0.0
Pune,2026-10-04 00:00:00,24.0,0.0
Pune,2026-10-04 01:00:00,23.6,0.0
Pune,2026-10-04 02:00:00,23.3,0.0
Pune,2026-10-04 03:00:00,22.7,0.0
Pune,2026-10-04 04:00:00,22.3,0.0
Pune,2026-10-04 05:00:00,21.5,0.0
Pune,2026-10-04 06:00:00,21.0,0.0
Pune,2026-10-04 07:00:00,22.3,0.0
Pune,2026-10-04 08:00:00,25.0,0.0
Pune,2026-10-04 09:00:00,27.8,0.0
Pune,2026-10-04 10:00:00,29.7,0.0
Pune,2026-10-04 11:00:00,31.2,0.0
Pune,2026-10-04 12:00:00,32.4,0.0
Pune,2026-10-04 13:00:00,33.4,0.0
Pune,2026-10-04 14:00:00,33.1,0.0
Pune,2026-10-04 15:00:00,32.6,0.0
Pune,2026-10-04 16:00:00,32.7,0.0
Pune,2026-10-04 17:00:00,30.3,0.0
Pune,2026-10-04 18:00:00,28.3,0.0
Pune,2026-10-04 19:00:00,27.2,0.0
Pune,2026-10-04 20:00:00,26.5,0.0
Pune,2026-10-04 21:00:00,25.8,0.0
Pune,2026-10-04 22:00:00,25.2,0.0
Pune,2026-10-04 23:00:00,24.6,0.0
Pune,2026-10-05 00:00:00,24.1,0.0
Pune,2026-10-05 01:00:00,23.7,0.0
Pune,2026-10-05 02:00:00,23.3,0.0
Pune,2026-10-05 03:00:00,22.9,0.0
Pune,2026-10-05 04:00:00,22.3,0.0
Pune,2026-10-05 05:00:00,21.7,0.0
Pune,2026-10-05 06:00:00,21.4,0.0
Pune,2026-10-05 07:00:00,22.8,0.0
Pune,2026-10-05 08:00:00,25.2,0.0
Pune,2026-10-05 09:00:00,27.8,0.0
Pune,2026-10-05 10:00:00,29.9,0.0
Pune,2026-10-05 11:00:00,31.4,0.0
Pune,2026-10-05 12:00:00,32.6,0.0
Pune,2026-10-05 13:00:00,33.3,0.0
Pune,2026-10-05 14:00:00,33.1,0.0
Pune,2026-10-05 15:00:00,32.7,0.0
Pune,2026-10-05 16:00:00,31.5,0.0
Pune,2026-10-05 17:00:00,29.1,0.8
Pune,2026-10-05 18:00:00,27.9,0.0
Pune,2026-10-05 19:00:00,27.0,0.0
Pune,2026-10-05 20:00:00,26.0,0.0
Pune,2026-10-05 21:00:00,25.2,0.0
Pune,2026-10-05 22:00:00,24.6,0.0
Pune,2026-10-05 23:00:00,24.1,0.0
Pune,2026-10-06 00:00:00,23.7,0.0
Pune,2026-10-06 01:00:00,23.2,0.0
Pune,2026-10-06 02:00:00,22.6,0.0
Pune,2026-10-06 03:00:00,22.3,0.0
Pune,2026-10-06 04:00:00,22.1,0.0
Pune,2026-10-06 05:00:00,21.7,0.0
Pune,2026-10-06 06:00:00,21.5,0.0
Pune,2026-10-06 07:00:00,22.9,0.0
Pune,2026-10-06 08:00:00,25.5,0.0
Pune,2026-10-06 09:00:00,27.6,0.0
Pune,2026-10-06 10:00:00,29.4,0.0
Pune,2026-10-06 11:00:00,31.1,0.0
Pune,2026-10-06 12:00:00,32.1,0.0
Pune,2026-10-06 13:00:00,32.6,0.2
Pune,2026-10-06 14:00:00,32.9,0.0
Pune,2026-10-06 15:00:00,32.6,0.0
Pune,2026-10-06 16:00:00,32.4,0.0
Pune,2026-10-06 17:00:00,31.1,0.0
Pune,2026-10-06 18:00:00,28.6,0.0
Pune,2026-10-06 19:00:00,27.0,0.0
Pune,2026-10-06 20:00:00,26.5,0.0
Pune,2026-10-06 21:00:00,26.1,0.0
Pune,2026-10-06 22:00:00,25.5,0.0
Pune,2026-10-06 23:00:00,24.8,0.0
Pune,2026-10-07 00:00:00,24.4,0.0
Pune,2026-10-07 01:00:00,24.1,0.0
Pune,2026-10-07 02:00:00,23.7,0.0
Pune,2026-10-07 03:00:00,23.2,0.0
Pune,2026-10-07 04:00:00,22.7,0.0
Pune,2026-10-07 05:00:00,22.6,0.0
Pune,2026-10-07 06:00:00,23.1,0.0
Pune,2026-10-07 07:00:00,24.1,0.0
Pune,2026-10-07 08:00:00,25.5,0.0
Pune,2026-10-07 09:00:00,27.6,0.0
Pune,2026-10-07 10:00:00,30.0,0.0
Pune,2026-10-07 11:00:00,32.0,0.0
Pune,2026-10-07 12:00:00,33.1,0.0
Pune,2026-10-07 13:00:00,33.7,0.0
Pune,2026-10-07 14:00:00,33.9,0.0
Pune,2026-10-07 15:00:00,33.7,0.0
Pune,2026-10-07 16:00:00,33.2,0.0
Pune,2026-10-07 17:00:00,32.4,0.0
Pune,2026-10-07 18:00:00,31.5,0.0
Pune,2026-10-07 19:00:00,30.4,0.0
Pune,2026-10-07 20:00:00,29.4,0.0
Pune,2026-10-07 21:00:00,28.3,0.0
Pune,2026-10-07 22:00:00,27.3,0.0
Pune,2026-10-07 23:00:00,26.4,0.0
Pune,2026-10-08 00:00:00,25.6,0.0
Pune,2026-10-08 01:00:00,25.0,0.0
Pune,2026-10-08 02:00:00,24.4,0.0
Pune,2026-10-08 03:00:00,23.8,0.0
Pune,2026-10-08 04:00:00,23.3,0.0
Pune,2026-10-08 05:00:00,23.2,0.0
Pune,2026-10-08 06:00:00,23.7,0.0
Pune,2026-10-08 07:00:00,24.7,0.0
Pune,2026-10-08 08:00:00,26.1,0.0
Pune,2026-10-08 09:00:00,28.0,0.0
Pune,2026-10-08 10:00:00,30.2,0.0
Pune,2026-10-08 11:00:00,32.0,0.0
Pune,2026-10-08 12:00:00,33.0,0.0
Pune,2026-10-08 13:00:00,33.5,0.0
Pune,2026-10-08 14:00:00,33.7,0.0
Pune,2026-10-08 15:00:00,33.4,0.0
Pune,2026-10-08 16:00:00,32.8,0.0
Pune,2026-10-08 17:00:00,32.0,0.0
Pune,2026-10-08 18:00:00,31.0,0.0
Pune,2026-10-08 19:00:00,29.7,0.0
Pune,2026-10-08 20:00:00,28.5,0.0
Pune,2026-10-08 21:00:00,27.6,0.0
Pune,2026-10-08 22:00:00,26.8,0.0
Pune,2026-10-08 23:00:00,26.0,0.0
Pune,2026-10-09 00:00:00,25.3,0.0
Pune,2026-10-09 01:00:00,24.6,0.0
Pune,2026-10-09 02:00:00,24.0,0.0
Pune,2026-10-09 03:00:00,22.8,0.0
Pune,2026-10-09 04:00:00,22.6,0.0
Pune,2026-10-09 05:00:00,22.8,0.0
Pune,2026-10-09 06:00:00,23.8,0.0
Pune,2026-10-09 07:00:00,25.4,0.0
Pune,2026-10-09 08:00:00,27.4,0.0
Pune,2026-10-09 09:00:00,29.5,0.0
Pune,2026-10-09 10:00:00,31.3,0.0
Pune,2026-10-09 11:00:00,32.5,0.0
Pune,2026-10-09 12:00:00,33.2,0.0
Pune,2026-10-09 13:00:00,33.7,0.0
Pune,2026-10-09 14:00:00,33.8,0.0
Pune,2026-10-09 15:00:00,33.7,0.0
Pune,2026-10-09 16:00:00,33.5,0.0
Pune,2026-10-09 17:00:00,33.0,0.0
Pune,2026-10-09 18:00:00,32.1,0.0
Pune,2026-10-09 19:00:00,30.9,0.0
Pune,2026-10-09 20:00:00,29.5,0.0
Pune,2026-10-09 21:00:00,28.0,0.0
Pune,2026-10-09 22:00:00,26.6,0.0
Pune,2026-10-09 23:00:00,25.6,0.0
Delhi,2026-10-03 00:00:00,26.9,0.0
Delhi,2026-10-03 01:00:00,25.9,0.0
Delhi,2026-10-03 02:00:00,25.3,0.0
Delhi,2026-10-03 03:00:00,24.9,0.0
Delhi,2026-10-03 04:00:00,24.6,0.0
Delhi,2026-10-03 05:00:00,24.7,0.0
Delhi,2026-10-03 06:00:00,24.3,0.0
Delhi,2026-10-03 07:00:00,25.6,0.0
Delhi,2026-10-03 08:00:00,27.3,0.0
Delhi,2026-10-03 09:00:00,29.4,0.0
Delhi,2026-10-03 10:00:00,31.3,0.0
Delhi,2026-10-03 11:00:00,32.7,0.0
Delhi,2026-10-03 12:00:00,33.8,0.0
Delhi,2026-10-03 13:00:00,34.7,0.0
Delhi,2026-10-03 14:00:00,35.0,0.0
Delhi,2026-10-03 15:00:00,34.8,0.0
Delhi,2026-10-03 16:00:00,34.0,0.0
Delhi,2026-10-03 17:00:00,32.1,0.0
Delhi,2026-10-03 18:00:00,30.5,0.0
Delhi,2026-10-03 19:00:00,29.7,0.0
Delhi,2026-10-03 20:00:00,29.1,0.0
Delhi,2026-10-03 21:00:00,28.7,0.0
Delhi,2026-10-03 22:00:00,28.3,0.0
Delhi,2026-10-03 23:00:00,27.3,0.0
Delhi,2026-10-04 00:00:00,26.3,0.0
Delhi,2026-10-04 01:00:00,25.7,0.0
Delhi,2026-10-04 02:00:00,25.3,0.0
Delhi,2026-10-04 03:00:00,25.0,0.0
Delhi,2026-10-04 04:00:00,24.6,0.0
Delhi,2026-10-04 05:00:00,24.2,0.0
Delhi,2026-10-04 06:00:00,24.0,0.0
Delhi,2026-10-04 07:00:00,25.0,0.0
Delhi,2026-10-04 08:00:00,26.8,0.0
Delhi,2026-10-04 09:00:00,28.9,0.0
Delhi,2026-10-04 10:00:00,30.9,0.0
Delhi,2026-10-04 11:00:00,32.5,0.0
Delhi,2026-10-04 12:00:00,33.7,0.0
Delhi,2026-10-04 13:00:00,34.5,0.0
Delhi,2026-10-04 14:00:00,34.9,0.0
Delhi,2026-10-04 15:00:00,34.8,0.0
Delhi,2026-10-04 16:00:00,34.1,0.0
Delhi,2026-10-04 17:00:00,32.7,0.0
Delhi,2026-10-04 18:00:00,31.1,0.0
Delhi,2026-10-04 19:00:00,30.7,0.0
Delhi,2026-10-04 20:00:00,30.5,0.0
Delhi,2026-10-04 21:00:00,29.7,0.0
Delhi,2026-10-04 22:00:00,28.9,0.0
Delhi,2026-10-04 23:00:00,27.9,0.0
Delhi,2026-10-05 00:00:00,26.8,0.0
Delhi,2026-10-05 01:00:00,26.2,0.0
Delhi,2026-10-05 02:00:00,25.6,0.0
Delhi,2026-10-05 03:00:00,25.3,0.0
Delhi,2026-10-05 04:00:00,25.0,0.0
Delhi,2026-10-05 05:00:00,24.7,0.0
Delhi,2026-10-05 06:00:00,24.5,0.0
Delhi,2026-10-05 07:00:00,25.4,0.0
Delhi,2026-10-05 08:00:00,27.1,0.0
Delhi,2026-10-05 09:00:00,29.4,0.0
Delhi,2026-10-05 10:00:00,31.1,0.0
Delhi,2026-10-05 11:00:00,32.7,0.0
Delhi,2026-10-05 12:00:00,33.9,0.0
Delhi,2026-10-05 13:00:00,34.6,0.0
Delhi,2026-10-05 14:00:00,34.9,0.0
Delhi,2026-10-05 15:00:00,34.9,0.0
Delhi,2026-10-05 16:00:00,34.5,0.0
Delhi,2026-10-05 17:00:00,33.6,0.0
Delhi,2026-10-05 18:00:00,32.3,0.0
Delhi,2026-10-05 19:00:00,31.1,0.0
Delhi,2026-10-05 20:00:00,29.9,0.0
Delhi,2026-10-05 21:00:00,29.0,0.0
Delhi,2026-10-05 22:00:00,28.4,0.0
Delhi,2026-10-05 23:00:00,28.0,0.0
Delhi,2026-10-06 00:00:00,27.6,0.0
Delhi,2026-10-06 01:00:00,26.7,0.0
Delhi,2026-10-06 02:00:00,25.8,0.0
Delhi,2026-10-06 03:00:00,25.2,0.0
Delhi,2026-10-06 04:00:00,24.8,0.0
Delhi,2026-10-06 05:00:00,24.4,0.0
Delhi,2026-10-06 06:00:00,24.1,0.0
Delhi,2026-10-06 07:00:00,25.3,0.0
Delhi,2026-10-06 08:00:00,27.3,0.0
Delhi,2026-10-06 09:00:00,29.4,0.0
Delhi,2026-10-06 10:00:00,31.2,0.0
Delhi,2026-10-06 11:00:00,32.7,0.0
Delhi,2026-10-06 12:00:00,33.9,0.0
Delhi,2026-10-06 13:00:00,34.5,0.0
Delhi,2026-10-06 14:00:00,34.9,0.0
Delhi,2026-10-06 15:00:00,34.8,0.0
Delhi,2026-10-06 16:00:00,34.6,0.0
Delhi,2026-10-06 17:00:00,33.6,0.0
Delhi,2026-10-06 18:00:00,30.8,0.0
Delhi,2026-10-06 19:00:00,28.5,0.0
Delhi,2026-10-06 20:00:00,27.4,0.0
Delhi,2026-10-06 21:00:00,26.3,0.0
Delhi,2026-10-06 22:00:00,25.5,0.0
Delhi,2026-10-06 23:00:00,24.9,0.0
Delhi,2026-10-07 00:00:00,24.5,0.0
Delhi,2026-10-07 01:00:00,24.4,0.0
Delhi,2026-10-07 02:00:00,24.2,0.0
Delhi,2026-10-07 03:00:00,24.0,0.0
Delhi,2026-10-07 04:00:00,23.9,0.0
Delhi,2026-10-07 05:00:00,24.0,0.0
Delhi,2026-10-07 06:00:00,24.5,0.0
Delhi,2026-10-07 07:00:00,25.2,0.0
Delhi,2026-10-07 08:00:00,26.2,0.0
Delhi,2026-10-07 09:00:00,27.7,0.0
Delhi,2026-10-07 10:00:00,29.6,0.0
Delhi,2026-10-07 11:00:00,31.1,0.0
Delhi,2026-10-07 12:00:00,31.9,0.0
Delhi,2026-10-07 13:00:00,32.4,0.0
Delhi,2026-10-07 14:00:00,32.6,0.0
Delhi,2026-10-07 15:00:00,32.8,0.1
Delhi,2026-10-07 16:00:00,32.8,0.1
Delhi,2026-10-07 17:00:00,32.2,0.1
Delhi,2026-10-07 18:00:00,30.8,0.0
Delhi,2026-10-07 19:00:00,28.9,0.0
Delhi,2026-10-07 20:00:00,27.4,0.0
Delhi,2026-10-07 21:00:00,26.5,0.0
Delhi,2026-10-07 22:00:00,25.9,0.0
Delhi,2026-10-07 23:00:00,25.3,0.0
Delhi,2026-10-08 00:00:00,24.8,0.0
Delhi,2026-10-08 01:00:00,24.3,0.0
Delhi,2026-10-08 02:00:00,24.0,0.0
Delhi,2026-10-08 03:00:00,23.6,0.0
Delhi,2026-10-08 04:00:00,23.3,0.0
Delhi,2026-10-08 05:00:00,23.3,0.0
Delhi,2026-10-08 06:00:00,23.8,0.0
Delhi,2026-10-08 07:00:00,24.6,0.0
Delhi,2026-10-08 08:00:00,25.8,0.0
Delhi,2026-10-08 09:00:00,27.5,0.0
Delhi,2026-10-08 10:00:00,29.5,0.0
Delhi,2026-10-08 11:00:00,31.1,0.0
Delhi,2026-10-08 12:00:00,32.1,0.0
Delhi,2026-10-08 13:00:00,32.7,0.0
Delhi,2026-10-08 14:00:00,32.9,0.0
Delhi,2026-10-08 15:00:00,32.8,0.0
Delhi,2026-10-08 16:00:00,32.4,0.0
Delhi,2026-10-08 17:00:00,31.8,0.0
Delhi,2026-10-08 18:00:00,30.9,0.0
Delhi,2026-10-08 19:00:00,29.8,0.0
Delhi,2026-10-08 20:00:00,28.8,0.0
Delhi,2026-10-08 21:00:00,28.1,0.0
Delhi,2026-10-08 22:00:00,27.4,0.0
Delhi,2026-10-08 23:00:00,26.8,0.0
Delhi,2026-10-09 00:00:00,26.3,0.0
Delhi,2026-10-09 01:00:00,25.8,0.0
Delhi,2026-10-09 02:00:00,25.2,0.0
Delhi,2026-10-09 03:00:00,22.9,0.1
Delhi,2026-10-09 04:00:00,22.3,0.1
Delhi,2026-10-09 05:00:00,22.3,0.1
Delhi,2026-10-09 06:00:00,23.0,0.0
Delhi,2026-10-09 07:00:00,24.4,0.0
Delhi,2026-10-09 08:00:00,26.1,0.0
Delhi,2026-10-09 09:00:00,27.8,0.0
Delhi,2026-10-09 10:00:00,29.4,0.0
Delhi,2026-10-09 11:00:00,30.4,0.0
Delhi,2026-10-09 12:00:00,30.9,0.1
Delhi,2026-10-09 13:00:00,31.1,0.1
Delhi,2026-10-09 14:00:00,31.2,0.1
Delhi,2026-10-09 15:00:00,31.0,0.1
Delhi,2026-10-09 16:00:00,30.7,0.1
Delhi,2026-10-09 17:00:00,30.4,0.1
Delhi,2026-10-09 18:00:00,29.9,0.0
Delhi,2026-10-09 19:00:00,29.1,0.0
Delhi,2026-10-09 20:00:00,28.3,0.0
Delhi,2026-10-09 21:00:00,27.4,0.0
Delhi,2026-10-09 22:00:00,26.5,0.0
Delhi,2026-10-09 23:00:00,25.8,0.0
