city,date,min_temperature,max_temperature,mean_temperature,total_rain
Delhi,2026-10-03,24.3,35.0,29.204166666666666,0.0
Delhi,2026-10-04,24.0,34.9,29.27916666666667,0.0
Delhi,2026-10-05,24.5,34.9,29.537499999999998,0.0
Delhi,2026-10-06,24.1,34.9,28.925,0.0
Delhi,2026-10-07,23.9,32.8,27.866666666666664,0.30000000000000004
Delhi,2026-10-08,23.3,32.9,28.004166666666666,0.0
Delhi,2026-10-09,22.3,31.2,27.425,0.9
Mumbai,2026-10-03,26.4,36.6,30.920833333333334,0.0
Mumbai,2026-10-04,24.5,35.6,29.829166666666666,0.0
Mumbai,2026-10-05,25.2,33.6,29.108333333333334,0.0
Mumbai,2026-10-06,24.9,32.3,28.329166666666666,0.4
Mumbai,2026-10-07,25.8,35.2,29.958333333333332,0.6000000000000001
Mumbai,2026-10-08,26.6,36.4,30.97083333333333,0.0
Mumbai,2026-10-09,27.0,35.9,31.175,0.6000000000000001
Pune,2026-10-03,22.1,32.5,27.224999999999998,0.0
Pune,2026-10-04,21.0,33.4,26.9375,0.0
Pune,2026-10-05,21.4,33.3,26.816666666666666,0.8
Pune,2026-10-06,21.5,32.9,26.90833333333333,0.2
Pune,2026-10-07,22.6,33.9,28.179166666666664,0.0
Pune,2026-10-08,23.2,33.7,28.25,0.0
Pune,2026-10-09,22.6,33.8,28.566666666666666,0.0
